{
  "8260/3": 0.1352493660185968,
  "8090/3": 0.11749788672865596,
  "8500/3": 0.0904480135249366,
  "8550/3": 0.08960270498732037,
  "8211/3": 0.06339814032121724,
  "8312/3": 0.039729501267962805,
  "8070/3": 0.03127641589180051,
  "8140/3": 0.024513947590870666,
  "8050/3": 0.02197802197802198,
  "8263/3": 0.02197802197802198,
  "8071/3": 0.021132713440405747,
  "8097/3": 0.018596787827557058,
  "8120/3": 0.018596787827557058,
  "8340/3": 0.016060862214708368,
  "9061/3": 0.016060862214708368,
  "8130/3": 0.014370245139475908,
  "8522/3": 0.01267962806424345,
  "8070/2": 0.011834319526627219,
  "8310/3": 0.011834319526627219,
  "8500/2": 0.01098901098901099,
  "8246/3": 0.01014370245139476,
  "8380/3": 0.006762468300929839,
  "8230/3": 0.005917159763313609,
  "8460/3": 0.005917159763313609,
  "8520/3": 0.005917159763313609,
  "8010/3": 0.00507185122569738,
  "8046/3": 0.00507185122569738,
  "8201/3": 0.00422654268808115,
  "9070/3": 0.00422654268808115,
  "8720/2": 0.00422654268808115,
  "8523/3": 0.00422654268808115,
  "8490/3": 0.0033812341504649195,
  "8010/2": 0.0033812341504649195,
  "8480/3": 0.0033812341504649195,
  "8801/3": 0.0033812341504649195,
  "8720/3": 0.0033812341504649195,
  "8091/3": 0.0033812341504649195,
  "8201/2": 0.0033812341504649195,
  "8081/2": 0.0033812341504649195,
  "8830/3": 0.0033812341504649195,
  "8344/3": 0.00253592561284869,
  "8200/3": 0.00253592561284869,
  "8810/3": 0.00253592561284869,
  "8160/3": 0.00253592561284869,
  "8800/3": 0.00253592561284869,
  "8140/6": 0.00253592561284869,
  "8330/3": 0.00253592561284869,
  "8041/3": 0.00253592561284869,
  "8094/3": 0.00253592561284869,
  "8140/2": 0.00253592561284869,
  "8441/3": 0.00253592561284869,
  "8317/3": 0.00253592561284869,
  "8072/3": 0.0016906170752324597,
  "8521/3": 0.0016906170752324597,
  "8263/6": 0.0016906170752324597,
  "8980/3": 0.0016906170752324597,
  "8522/2": 0.0016906170752324597,
  "9081/3": 0.0016906170752324597,
  "8550/6": 0.0016906170752324597,
  "9180/3": 0.0016906170752324597,
  "8410/3": 0.0016906170752324597,
  "8120/2": 0.0016906170752324597,
  "8211/6": 0.0016906170752324597,
  "9400/3": 0.0016906170752324597,
  "8331/3": 0.0016906170752324597,
  "8350/3": 0.0016906170752324597,
  "8130/2": 0.0016906170752324597,
  "8854/3": 0.0016906170752324597,
  "9120/3": 0.0016906170752324597,
  "8503/2": 0.0016906170752324597,
  "8501/2": 0.0016906170752324597,
  "8720/6": 0.0016906170752324597,
  "8524/3": 0.0016906170752324597,
  "8520/2": 0.0016906170752324597,
  "8210/3": 0.0008453085376162299,
  "8430/3": 0.0008453085376162299,
  "8261/3": 0.0008453085376162299,
  "8574/3": 0.0008453085376162299,
  "8933/3": 0.0008453085376162299,
  "8575/3": 0.0008453085376162299,
  "8011/3": 0.0008453085376162299,
  "9150/3": 0.0008453085376162299,
  "8170/3": 0.0008453085376162299,
  "7211/3": 0.0008453085376162299,
  "8249/6": 0.0008453085376162299,
  "9220/3": 0.0008453085376162299,
  "8631/3": 0.0008453085376162299,
  "8560/6": 0.0008453085376162299,
  "8560/3": 0.0008453085376162299,
  "8721/3": 0.0008453085376162299,
  "8010/6": 0.0008453085376162299,
  "8585/3": 0.0008453085376162299,
  "8772/3": 0.0008453085376162299,
  "8060/3": 0.0008453085376162299,
  "8510/3": 0.0008453085376162299,
  "8050/2": 0.0008453085376162299,
  "8507/3": 0.0008453085376162299,
  "8950/3": 0.0008453085376162299,
  "8247/3": 0.0008453085376162299,
  "8811/3": 0.0008453085376162299,
  "8742/2": 0.0008453085376162299,
  "8051/3": 0.0008453085376162299,
  "8342/3": 0.0008453085376162299,
  "8084/3": 0.0008453085376162299,
  "8461/6": 0.0008453085376162299,
  "9080/3": 0.0008453085376162299,
  "8240/3": 0.0008453085376162299,
  "8936/3": 0.0008453085376162299,
  "9050/3": 0.0008453085376162299,
  "8093/3": 0.0008453085376162299,
  "8503/3": 0.0008453085376162299,
  "8319/3": 0.0008453085376162299,
  "8851/3": 0.0008453085376162299,
  "8070/6": 0.0008453085376162299,
  "8586/3": 0.0008453085376162299,
  "8580/3": 0.0008453085376162299,
  "9440/3": 0.0008453085376162299,
  "8270/3": 0.0008453085376162299,
  "8041/6": 0.0008453085376162299,
  "8452/3": 0.0008453085376162299,
  "8052/3": 0.0008453085376162299,
  "8012/3": 0.0008453085376162299,
  "8543/3": 0.0008453085376162299,
  "8453/3": 0.0008453085376162299,
  "9441/3": 0.0008453085376162299,
  "8480/6": 0.0008453085376162299,
  "8890/6": 0.0008453085376162299,
  "8071/2": 0.0008453085376162299,
  "8730/3": 0.0008453085376162299,
  "9041/3": 0.0008453085376162299,
  "8335/3": 0.0008453085376162299,
  "8890/3": 0.0008453085376162299,
  "8470/3": 0.0008453085376162299,
  "8045/3": 0.0008453085376162299,
  "9080/6": 0.0008453085376162299,
  "8850/3": 0.0008453085376162299
}