{
  "C73.9": 0.18005071851225699,
  "C44.3": 0.10397295012679628,
  "C61.9": 0.0989010989010989,
  "C64.9": 0.060862214708368556,
  "C50.4": 0.0507185122569738,
  "C50.9": 0.030431107354184278,
  "C67.9": 0.027049873203719356,
  "C50.2": 0.024513947590870666,
  "C44.4": 0.023668639053254437,
  "C62.9": 0.02197802197802198,
  "C44.2": 0.02028740490278952,
  "C50.8": 0.018596787827557058,
  "C44.5": 0.016060862214708368,
  "C16.9": 0.015215553677092139,
  "C20.9": 0.013524936601859678,
  "C34.1": 0.013524936601859678,
  "C44.1": 0.01267962806424345,
  "C19.9": 0.01267962806424345,
  "C25.9": 0.011834319526627219,
  "C44.7": 0.011834319526627219,
  "C56.9": 0.01098901098901099,
  "C44.6": 0.01014370245139476,
  "C34.9": 0.01014370245139476,
  "C50.5": 0.009298393913778529,
  "C18.7": 0.009298393913778529,
  "C50.3": 0.009298393913778529,
  "C23.9": 0.0076077768385460695,
  "C53.9": 0.0076077768385460695,
  "C34.3": 0.006762468300929839,
  "C18.9": 0.006762468300929839,
  "C54.1": 0.006762468300929839,
  "C49.2": 0.00507185122569738,
  "C65.9": 0.00507185122569738,
  "C18.2": 0.00507185122569738,
  "C50.1": 0.00507185122569738,
  "C18.0": 0.00507185122569738,
  "C18.3": 0.00422654268808115,
  "C80.9": 0.00422654268808115,
  "C22.0": 0.00422654268808115,
  "C02.1": 0.00422654268808115,
  "C09.9": 0.0033812341504649195,
  "C48.0": 0.0033812341504649195,
  "C32.9": 0.0033812341504649195,
  "C32.0": 0.0033812341504649195,
  "C49.5": 0.0033812341504649195,
  "C34.2": 0.00253592561284869,
  "C55.9": 0.00253592561284869,
  "C18.4": 0.00253592561284869,
  "C16.2": 0.00253592561284869,
  "C18.6": 0.0016906170752324597,
  "C21.0": 0.0016906170752324597,
  "C40.2": 0.0016906170752324597,
  "C37.9": 0.0016906170752324597,
  "C07.9": 0.0016906170752324597,
  "C17.2": 0.0016906170752324597,
  "C71.2": 0.0016906170752324597,
  "C57.4": 0.0016906170752324597,
  "C11.9": 0.0016906170752324597,
  "C44.9": 0.0016906170752324597,
  "C22.1": 0.0016906170752324597,
  "C13.9": 0.0016906170752324597,
  "C25.0": 0.0016906170752324597,
  "C01.9": 0.0016906170752324597,
  "C18.8": 0.0016906170752324597,
  "C40.0": 0.0016906170752324597,
  "C25.2": 0.0016906170752324597,
  "C67.4": 0.0016906170752324597,
  "C67.2": 0.0016906170752324597,
  "C49.1": 0.0016906170752324597,
  "C44.0": 0.0016906170752324597,
  "C49.6": 0.0008453085376162299,
  "C17.9": 0.0008453085376162299,
  "C10.9": 0.0008453085376162299,
  "C60.1": 0.0008453085376162299,
  "C16.0": 0.0008453085376162299,
  "C00.4": 0.0008453085376162299,
  "C08.0": 0.0008453085376162299,
  "C49.9": 0.0008453085376162299,
  "C67.5": 0.0008453085376162299,
  "C54.9": 0.0008453085376162299,
  "C62.1": 0.0008453085376162299,
  "C41.0": 0.0008453085376162299,
  "C75.0": 0.0008453085376162299,
  "C24.9": 0.0008453085376162299,
  "C32.1": 0.0008453085376162299,
  "C71.0": 0.0008453085376162299,
  "C14.0": 0.0008453085376162299,
  "C24.0": 0.0008453085376162299,
  "C06.9": 0.0008453085376162299,
  "C41.4": 0.0008453085376162299,
  "C34.0": 0.0008453085376162299,
  "C18.5": 0.0008453085376162299,
  "C32.2": 0.0008453085376162299,
  "C76.2": 0.0008453085376162299,
  "C38.4": 0.0008453085376162299,
  "C74.9": 0.0008453085376162299,
  "C06.2": 0.0008453085376162299,
  "C44-3": 0.0008453085376162299,
  "C38.1": 0.0008453085376162299,
  "C71.3": 0.0008453085376162299,
  "C17.1": 0.0008453085376162299,
  "C66.9": 0.0008453085376162299,
  "C25.4": 0.0008453085376162299,
  "C15.5": 0.0008453085376162299,
  "C49.3": 0.0008453085376162299,
  "C34.8": 0.0008453085376162299,
  "C21.8": 0.0008453085376162299,
  "C15.4": 0.0008453085376162299
}